sequence,Y,M,N,NS,link1,link2,link3,link4,link5,link6,link7,link8,link9,link10,
ANMYNMYNMY,1,3,1,0,2,3,3,3,0,0,2,2,1,0,5
NMYNMYNMY,1,4,2,0,3,2,0,2,1,1,0,2,0,0,7
ANNMMYY,0,3,2,0,0,5,4,1,1,0,1,0,0,0,5
NMYNMY,0,1,1,0,2,2,1,2,1,1,0,0,0,0,2
ANNNMMMYYY,1,3,3,0,1,4,3,2,2,1,1,1,2,1,7
NNNMMMYYY,0,0,7,1,4,6,4,4,2,1,0,2,0,0,8
ANNNYYYMMM,2,0,5,0,0,2,2,3,2,2,1,0,2,0,7
NNNYYYMMM,8,3,3,1,11,2,2,3,0,1,3,1,1,0,15
ANNYYMM,0,3,2,0,0,2,2,1,0,0,2,0,0,0,5
NNYYMM,1,0,2,0,3,1,0,0,0,0,0,0,0,0,3
ANYMNYM,0,0,1,0,0,1,0,0,0,0,0,0,0,0,1
NYMNYM,0,4,0,0,4,1,0,2,2,1,0,0,0,0,4
ANYMNYMNYM,2,1,3,0,1,2,4,3,2,2,2,2,1,1,6
NYMNYMNYM,1,4,1,0,4,2,2,1,1,1,0,0,0,0,6
NNMMYY,0,1,3,0,3,1,1,2,0,0,0,0,0,0,4
,,,,,,,,,,,,,,,
,,,,,,,,,,,,,,,
ANMYNMYNMY,0.2,0.6,0.2,0,2,3,3,3,0,0,2,2,1,0,1
NMYNMYNMY,0.142857143,0.571428571,0.285714286,0,3,2,0,2,1,1,0,2,0,0,1
ANNMMYY,0,0.6,0.4,0,0,5,4,1,1,0,1,0,0,0,1
NMYNMY,0,0.5,0.5,0,2,2,1,2,1,1,0,0,0,0,1
ANNNMMMYYY,0.142857143,0.428571429,0.428571429,0,1,4,3,2,2,1,1,1,2,1,1
NNNMMMYYY,0,0,0.875,0.125,4,6,4,4,2,1,0,2,0,0,1
ANNNYYYMMM,0.285714286,0,0.714285714,0,0,2,2,3,2,2,1,0,2,0,1
NNNYYYMMM,0.533333333,0.2,0.2,0.066666667,11,2,2,3,0,1,3,1,1,0,1
ANNYYMM,0,0.6,0.4,0,0,2,2,1,0,0,2,0,0,0,1
NNYYMM,0.333333333,0,0.666666667,0,3,1,0,0,0,0,0,0,0,0,1
ANYMNYM,0,0,1,0,0,1,0,0,0,0,0,0,0,0,1
NYMNYM,0,1,0,0,4,1,0,2,2,1,0,0,0,0,1
ANYMNYMNYM,0.333333333,0.166666667,0.5,0,1,2,4,3,2,2,2,2,1,1,1
NYMNYMNYM,0.166666667,0.666666667,0.166666667,0,4,2,2,1,1,1,0,0,0,0,1
NNMMYY,0,1,3,0,3,1,1,2,0,0,0,0,0,0,4
