series,link1,link2,link3,link4,link5,link6,link7,link8,link9,link10
SM,0.5625,0.65625,0.4375,0.25,0.3125,0.375,0.25,0.125,0.0625,0.0625
SN,0.181818182,0.696969697,0.363636364,0.242424242,0.272727273,0.121212121,0.090909091,0.0625,0,0.0625
