series,link1,link2,link3,link4,link5,link6,link7,link8,link9
Y,0.614035088,0.428571429,0.236363636,0.24137931,0.215384615,0.125,0.1,0.285714286,0.083333333
M,0.526315789,0.367346939,0.173076923,0.196721311,0.163636364,0.203389831,0.163265306,0.111111111,0.066666667
N,0.672413793,0.35,0.307692308,0.301886792,0.076923077,0.192982456,0.076923077,0.195121951,0.127659574
