series,link1,link2,link3,link4,link5,link6,link7,link8,link9,link10
No ads,0.604651163,0.38372093,0.244186047,0.244186047,0.156976744,0.174418605,0.1171875,0.1953125,0.09375,
Direct Marketing Ads,0.104761905,0.552380952,0.447619048,0.276190476,0.180952381,0.142857143,0.219047619,0.125,0.152777778,0.111111111
Indirect Marketing Ads,0.363636364,0.681818182,0.393939394,0.257575758,0.303030303,0.242424242,0.166666667,0.09375,0.03125,0.0625
