sequence,Y,M,N
YYYMMMNNN,1.833333333,0.616666667,0.378968254
YYYNNNMMM,1.833333333,0.378968254,0.616666667
YYMMNN,1.5,0.583333333,0.366666667
YYNNMM,1.5,0.366666667,0.583333333
YMNYMNYMN,1.392857143,0.825,0.611111111
YNMYNMYNM,1.392857143,0.611111111,0.825
YMNYMN,1.25,0.7,0.5
YNMYNM,1.25,0.5,0.7
MYNMYNMYN,0.825,1.392857143,0.611111111
NYMNYMNYM,0.825,0.611111111,1.392857143
MYNMYN,0.7,1.25,0.5
NYMNYM,0.7,0.5,1.25
MMMYYYNNN,0.616666667,1.833333333,0.378968254
NNNYYYMMM,0.616666667,0.378968254,1.833333333
MNYMNYMNY,0.611111111,1.392857143,0.825
NMYNMYNMY,0.611111111,0.825,1.392857143
MMYYNN,0.583333333,1.5,0.366666667
NNYYMM,0.583333333,0.366666667,1.5
MNYMNY,0.5,1.25,0.7
NMYNMY,0.5,0.7,1.25
MMMNNNYYY,0.378968254,1.833333333,0.616666667
NNNMMMYYY,0.378968254,0.616666667,1.833333333
MMNNYY,0.366666667,1.5,0.583333333
NNMMYY,0.366666667,0.583333333,1.5
